[{"name":"class BebidasAdapter(var lista: MutableList<BebidasPedidas>, onQuitarBebida: (Bebida) -> Unit) : RecyclerView.Adapter<BebidasViewHolder> ","description":"com.example.proyectofinal_david_rodriguez_aranda.adapters.BebidasAdapter","location":"app/com.example.proyectofinal_david_rodriguez_aranda.adapters/-bebidas-adapter/index.html","searchKeys":["BebidasAdapter","class BebidasAdapter(var lista: MutableList<BebidasPedidas>, onQuitarBebida: (Bebida) -> Unit) : RecyclerView.Adapter<BebidasViewHolder> ","com.example.proyectofinal_david_rodriguez_aranda.adapters.BebidasAdapter"]},{"name":"class BebidasViewHolder(v: View) : RecyclerView.ViewHolder","description":"com.example.proyectofinal_david_rodriguez_aranda.adapters.BebidasViewHolder","location":"app/com.example.proyectofinal_david_rodriguez_aranda.adapters/-bebidas-view-holder/index.html","searchKeys":["BebidasViewHolder","class BebidasViewHolder(v: View) : RecyclerView.ViewHolder","com.example.proyectofinal_david_rodriguez_aranda.adapters.BebidasViewHolder"]},{"name":"class ComidasAdapter(var lista: MutableList<ComidasPedidas>, onQuitarComida: (Comida) -> Unit) : RecyclerView.Adapter<ComidasViewHolder> ","description":"com.example.proyectofinal_david_rodriguez_aranda.adapters.ComidasAdapter","location":"app/com.example.proyectofinal_david_rodriguez_aranda.adapters/-comidas-adapter/index.html","searchKeys":["ComidasAdapter","class ComidasAdapter(var lista: MutableList<ComidasPedidas>, onQuitarComida: (Comida) -> Unit) : RecyclerView.Adapter<ComidasViewHolder> ","com.example.proyectofinal_david_rodriguez_aranda.adapters.ComidasAdapter"]},{"name":"class ComidasViewHolder(v: View) : RecyclerView.ViewHolder","description":"com.example.proyectofinal_david_rodriguez_aranda.adapters.ComidasViewHolder","location":"app/com.example.proyectofinal_david_rodriguez_aranda.adapters/-comidas-view-holder/index.html","searchKeys":["ComidasViewHolder","class ComidasViewHolder(v: View) : RecyclerView.ViewHolder","com.example.proyectofinal_david_rodriguez_aranda.adapters.ComidasViewHolder"]},{"name":"class CustomSpinnerAdapter(context: Context, resource: Int, objects: List<String>) : ArrayAdapter<String> ","description":"com.example.proyectofinal_david_rodriguez_aranda.CustomSpinnerAdapter","location":"app/com.example.proyectofinal_david_rodriguez_aranda/-custom-spinner-adapter/index.html","searchKeys":["CustomSpinnerAdapter","class CustomSpinnerAdapter(context: Context, resource: Int, objects: List<String>) : ArrayAdapter<String> ","com.example.proyectofinal_david_rodriguez_aranda.CustomSpinnerAdapter"]},{"name":"class EstadoMesaActivity : AppCompatActivity","description":"com.example.proyectofinal_david_rodriguez_aranda.EstadoMesaActivity","location":"app/com.example.proyectofinal_david_rodriguez_aranda/-estado-mesa-activity/index.html","searchKeys":["EstadoMesaActivity","class EstadoMesaActivity : AppCompatActivity","com.example.proyectofinal_david_rodriguez_aranda.EstadoMesaActivity"]},{"name":"class LoginActivity : AppCompatActivity","description":"com.example.proyectofinal_david_rodriguez_aranda.LoginActivity","location":"app/com.example.proyectofinal_david_rodriguez_aranda/-login-activity/index.html","searchKeys":["LoginActivity","class LoginActivity : AppCompatActivity","com.example.proyectofinal_david_rodriguez_aranda.LoginActivity"]},{"name":"class MainActivity : AppCompatActivity","description":"com.example.proyectofinal_david_rodriguez_aranda.MainActivity","location":"app/com.example.proyectofinal_david_rodriguez_aranda/-main-activity/index.html","searchKeys":["MainActivity","class MainActivity : AppCompatActivity","com.example.proyectofinal_david_rodriguez_aranda.MainActivity"]},{"name":"class MenuPrincipalActivity : AppCompatActivity","description":"com.example.proyectofinal_david_rodriguez_aranda.MenuPrincipalActivity","location":"app/com.example.proyectofinal_david_rodriguez_aranda/-menu-principal-activity/index.html","searchKeys":["MenuPrincipalActivity","class MenuPrincipalActivity : AppCompatActivity","com.example.proyectofinal_david_rodriguez_aranda.MenuPrincipalActivity"]},{"name":"class MesasAdapter(var lista: ArrayList<Mesa>, var c: Camarero, onMensajePulsado: (Mesa) -> Unit) : RecyclerView.Adapter<MesasViewHolder> ","description":"com.example.proyectofinal_david_rodriguez_aranda.adapters.MesasAdapter","location":"app/com.example.proyectofinal_david_rodriguez_aranda.adapters/-mesas-adapter/index.html","searchKeys":["MesasAdapter","class MesasAdapter(var lista: ArrayList<Mesa>, var c: Camarero, onMensajePulsado: (Mesa) -> Unit) : RecyclerView.Adapter<MesasViewHolder> ","com.example.proyectofinal_david_rodriguez_aranda.adapters.MesasAdapter"]},{"name":"class MesasViewHolder(v: View) : RecyclerView.ViewHolder","description":"com.example.proyectofinal_david_rodriguez_aranda.adapters.MesasViewHolder","location":"app/com.example.proyectofinal_david_rodriguez_aranda.adapters/-mesas-view-holder/index.html","searchKeys":["MesasViewHolder","class MesasViewHolder(v: View) : RecyclerView.ViewHolder","com.example.proyectofinal_david_rodriguez_aranda.adapters.MesasViewHolder"]},{"name":"class Observer(c: Context, email: String) : LifecycleObserver","description":"com.example.proyectofinal_david_rodriguez_aranda.Observer","location":"app/com.example.proyectofinal_david_rodriguez_aranda/-observer/index.html","searchKeys":["Observer","class Observer(c: Context, email: String) : LifecycleObserver","com.example.proyectofinal_david_rodriguez_aranda.Observer"]},{"name":"class PedidosMesaActivity : AppCompatActivity","description":"com.example.proyectofinal_david_rodriguez_aranda.PedidosMesaActivity","location":"app/com.example.proyectofinal_david_rodriguez_aranda/-pedidos-mesa-activity/index.html","searchKeys":["PedidosMesaActivity","class PedidosMesaActivity : AppCompatActivity","com.example.proyectofinal_david_rodriguez_aranda.PedidosMesaActivity"]},{"name":"class Prefs(c: Context)","description":"com.example.proyectofinal_david_rodriguez_aranda.prefs.Prefs","location":"app/com.example.proyectofinal_david_rodriguez_aranda.prefs/-prefs/index.html","searchKeys":["Prefs","class Prefs(c: Context)","com.example.proyectofinal_david_rodriguez_aranda.prefs.Prefs"]},{"name":"class SelectUserActivity : AppCompatActivity","description":"com.example.proyectofinal_david_rodriguez_aranda.SelectUserActivity","location":"app/com.example.proyectofinal_david_rodriguez_aranda/-select-user-activity/index.html","searchKeys":["SelectUserActivity","class SelectUserActivity : AppCompatActivity","com.example.proyectofinal_david_rodriguez_aranda.SelectUserActivity"]},{"name":"class SplashActivity : AppCompatActivity","description":"com.example.proyectofinal_david_rodriguez_aranda.SplashActivity","location":"app/com.example.proyectofinal_david_rodriguez_aranda/-splash-activity/index.html","searchKeys":["SplashActivity","class SplashActivity : AppCompatActivity","com.example.proyectofinal_david_rodriguez_aranda.SplashActivity"]},{"name":"class UserConfigActivity : AppCompatActivity","description":"com.example.proyectofinal_david_rodriguez_aranda.UserConfigActivity","location":"app/com.example.proyectofinal_david_rodriguez_aranda/-user-config-activity/index.html","searchKeys":["UserConfigActivity","class UserConfigActivity : AppCompatActivity","com.example.proyectofinal_david_rodriguez_aranda.UserConfigActivity"]},{"name":"class UsuariosAdapter(var lista: ArrayList<Camarero>, onUsuarioPulsado: (Camarero) -> Unit) : RecyclerView.Adapter<UsuariosViewHolder> ","description":"com.example.proyectofinal_david_rodriguez_aranda.adapters.UsuariosAdapter","location":"app/com.example.proyectofinal_david_rodriguez_aranda.adapters/-usuarios-adapter/index.html","searchKeys":["UsuariosAdapter","class UsuariosAdapter(var lista: ArrayList<Camarero>, onUsuarioPulsado: (Camarero) -> Unit) : RecyclerView.Adapter<UsuariosViewHolder> ","com.example.proyectofinal_david_rodriguez_aranda.adapters.UsuariosAdapter"]},{"name":"class UsuariosViewHolder(v: View) : RecyclerView.ViewHolder","description":"com.example.proyectofinal_david_rodriguez_aranda.adapters.UsuariosViewHolder","location":"app/com.example.proyectofinal_david_rodriguez_aranda.adapters/-usuarios-view-holder/index.html","searchKeys":["UsuariosViewHolder","class UsuariosViewHolder(v: View) : RecyclerView.ViewHolder","com.example.proyectofinal_david_rodriguez_aranda.adapters.UsuariosViewHolder"]},{"name":"constructor()","description":"com.example.proyectofinal_david_rodriguez_aranda.EstadoMesaActivity.EstadoMesaActivity","location":"app/com.example.proyectofinal_david_rodriguez_aranda/-estado-mesa-activity/-estado-mesa-activity.html","searchKeys":["EstadoMesaActivity","constructor()","com.example.proyectofinal_david_rodriguez_aranda.EstadoMesaActivity.EstadoMesaActivity"]},{"name":"constructor()","description":"com.example.proyectofinal_david_rodriguez_aranda.LoginActivity.LoginActivity","location":"app/com.example.proyectofinal_david_rodriguez_aranda/-login-activity/-login-activity.html","searchKeys":["LoginActivity","constructor()","com.example.proyectofinal_david_rodriguez_aranda.LoginActivity.LoginActivity"]},{"name":"constructor()","description":"com.example.proyectofinal_david_rodriguez_aranda.MainActivity.MainActivity","location":"app/com.example.proyectofinal_david_rodriguez_aranda/-main-activity/-main-activity.html","searchKeys":["MainActivity","constructor()","com.example.proyectofinal_david_rodriguez_aranda.MainActivity.MainActivity"]},{"name":"constructor()","description":"com.example.proyectofinal_david_rodriguez_aranda.MenuPrincipalActivity.MenuPrincipalActivity","location":"app/com.example.proyectofinal_david_rodriguez_aranda/-menu-principal-activity/-menu-principal-activity.html","searchKeys":["MenuPrincipalActivity","constructor()","com.example.proyectofinal_david_rodriguez_aranda.MenuPrincipalActivity.MenuPrincipalActivity"]},{"name":"constructor()","description":"com.example.proyectofinal_david_rodriguez_aranda.PedidosMesaActivity.PedidosMesaActivity","location":"app/com.example.proyectofinal_david_rodriguez_aranda/-pedidos-mesa-activity/-pedidos-mesa-activity.html","searchKeys":["PedidosMesaActivity","constructor()","com.example.proyectofinal_david_rodriguez_aranda.PedidosMesaActivity.PedidosMesaActivity"]},{"name":"constructor()","description":"com.example.proyectofinal_david_rodriguez_aranda.SelectUserActivity.SelectUserActivity","location":"app/com.example.proyectofinal_david_rodriguez_aranda/-select-user-activity/-select-user-activity.html","searchKeys":["SelectUserActivity","constructor()","com.example.proyectofinal_david_rodriguez_aranda.SelectUserActivity.SelectUserActivity"]},{"name":"constructor()","description":"com.example.proyectofinal_david_rodriguez_aranda.SplashActivity.SplashActivity","location":"app/com.example.proyectofinal_david_rodriguez_aranda/-splash-activity/-splash-activity.html","searchKeys":["SplashActivity","constructor()","com.example.proyectofinal_david_rodriguez_aranda.SplashActivity.SplashActivity"]},{"name":"constructor()","description":"com.example.proyectofinal_david_rodriguez_aranda.UserConfigActivity.UserConfigActivity","location":"app/com.example.proyectofinal_david_rodriguez_aranda/-user-config-activity/-user-config-activity.html","searchKeys":["UserConfigActivity","constructor()","com.example.proyectofinal_david_rodriguez_aranda.UserConfigActivity.UserConfigActivity"]},{"name":"constructor(bebida: Bebida? = null, cantidad: Int? = null)","description":"com.example.proyectofinal_david_rodriguez_aranda.models.BebidasPedidas.BebidasPedidas","location":"app/com.example.proyectofinal_david_rodriguez_aranda.models/-bebidas-pedidas/-bebidas-pedidas.html","searchKeys":["BebidasPedidas","constructor(bebida: Bebida? = null, cantidad: Int? = null)","com.example.proyectofinal_david_rodriguez_aranda.models.BebidasPedidas.BebidasPedidas"]},{"name":"constructor(c: Context)","description":"com.example.proyectofinal_david_rodriguez_aranda.prefs.Prefs.Prefs","location":"app/com.example.proyectofinal_david_rodriguez_aranda.prefs/-prefs/-prefs.html","searchKeys":["Prefs","constructor(c: Context)","com.example.proyectofinal_david_rodriguez_aranda.prefs.Prefs.Prefs"]},{"name":"constructor(c: Context, email: String)","description":"com.example.proyectofinal_david_rodriguez_aranda.Observer.Observer","location":"app/com.example.proyectofinal_david_rodriguez_aranda/-observer/-observer.html","searchKeys":["Observer","constructor(c: Context, email: String)","com.example.proyectofinal_david_rodriguez_aranda.Observer.Observer"]},{"name":"constructor(comida: Comida? = null, cantidad: Int? = null)","description":"com.example.proyectofinal_david_rodriguez_aranda.models.ComidasPedidas.ComidasPedidas","location":"app/com.example.proyectofinal_david_rodriguez_aranda.models/-comidas-pedidas/-comidas-pedidas.html","searchKeys":["ComidasPedidas","constructor(comida: Comida? = null, cantidad: Int? = null)","com.example.proyectofinal_david_rodriguez_aranda.models.ComidasPedidas.ComidasPedidas"]},{"name":"constructor(context: Context, resource: Int, objects: List<String>)","description":"com.example.proyectofinal_david_rodriguez_aranda.CustomSpinnerAdapter.CustomSpinnerAdapter","location":"app/com.example.proyectofinal_david_rodriguez_aranda/-custom-spinner-adapter/-custom-spinner-adapter.html","searchKeys":["CustomSpinnerAdapter","constructor(context: Context, resource: Int, objects: List<String>)","com.example.proyectofinal_david_rodriguez_aranda.CustomSpinnerAdapter.CustomSpinnerAdapter"]},{"name":"constructor(email: String? = null, nombre: String? = null, password: String? = null, online: Boolean? = null, uid: String? = null)","description":"com.example.proyectofinal_david_rodriguez_aranda.models.Camarero.Camarero","location":"app/com.example.proyectofinal_david_rodriguez_aranda.models/-camarero/-camarero.html","searchKeys":["Camarero","constructor(email: String? = null, nombre: String? = null, password: String? = null, online: Boolean? = null, uid: String? = null)","com.example.proyectofinal_david_rodriguez_aranda.models.Camarero.Camarero"]},{"name":"constructor(lista: ArrayList<Camarero>, onUsuarioPulsado: (Camarero) -> Unit)","description":"com.example.proyectofinal_david_rodriguez_aranda.adapters.UsuariosAdapter.UsuariosAdapter","location":"app/com.example.proyectofinal_david_rodriguez_aranda.adapters/-usuarios-adapter/-usuarios-adapter.html","searchKeys":["UsuariosAdapter","constructor(lista: ArrayList<Camarero>, onUsuarioPulsado: (Camarero) -> Unit)","com.example.proyectofinal_david_rodriguez_aranda.adapters.UsuariosAdapter.UsuariosAdapter"]},{"name":"constructor(lista: ArrayList<Mesa>, c: Camarero, onMensajePulsado: (Mesa) -> Unit)","description":"com.example.proyectofinal_david_rodriguez_aranda.adapters.MesasAdapter.MesasAdapter","location":"app/com.example.proyectofinal_david_rodriguez_aranda.adapters/-mesas-adapter/-mesas-adapter.html","searchKeys":["MesasAdapter","constructor(lista: ArrayList<Mesa>, c: Camarero, onMensajePulsado: (Mesa) -> Unit)","com.example.proyectofinal_david_rodriguez_aranda.adapters.MesasAdapter.MesasAdapter"]},{"name":"constructor(lista: MutableList<BebidasPedidas>, onQuitarBebida: (Bebida) -> Unit)","description":"com.example.proyectofinal_david_rodriguez_aranda.adapters.BebidasAdapter.BebidasAdapter","location":"app/com.example.proyectofinal_david_rodriguez_aranda.adapters/-bebidas-adapter/-bebidas-adapter.html","searchKeys":["BebidasAdapter","constructor(lista: MutableList<BebidasPedidas>, onQuitarBebida: (Bebida) -> Unit)","com.example.proyectofinal_david_rodriguez_aranda.adapters.BebidasAdapter.BebidasAdapter"]},{"name":"constructor(lista: MutableList<ComidasPedidas>, onQuitarComida: (Comida) -> Unit)","description":"com.example.proyectofinal_david_rodriguez_aranda.adapters.ComidasAdapter.ComidasAdapter","location":"app/com.example.proyectofinal_david_rodriguez_aranda.adapters/-comidas-adapter/-comidas-adapter.html","searchKeys":["ComidasAdapter","constructor(lista: MutableList<ComidasPedidas>, onQuitarComida: (Comida) -> Unit)","com.example.proyectofinal_david_rodriguez_aranda.adapters.ComidasAdapter.ComidasAdapter"]},{"name":"constructor(nombre: String? = null, precio: Double? = null)","description":"com.example.proyectofinal_david_rodriguez_aranda.models.Bebida.Bebida","location":"app/com.example.proyectofinal_david_rodriguez_aranda.models/-bebida/-bebida.html","searchKeys":["Bebida","constructor(nombre: String? = null, precio: Double? = null)","com.example.proyectofinal_david_rodriguez_aranda.models.Bebida.Bebida"]},{"name":"constructor(nombre: String? = null, precio: Double? = null)","description":"com.example.proyectofinal_david_rodriguez_aranda.models.Comida.Comida","location":"app/com.example.proyectofinal_david_rodriguez_aranda.models/-comida/-comida.html","searchKeys":["Comida","constructor(nombre: String? = null, precio: Double? = null)","com.example.proyectofinal_david_rodriguez_aranda.models.Comida.Comida"]},{"name":"constructor(numMesa: Int? = null, camarero: Camarero? = null, estado: Int? = null, cPedidas: MutableList<ComidasPedidas>? = null, bPedidas: MutableList<BebidasPedidas>? = null)","description":"com.example.proyectofinal_david_rodriguez_aranda.models.Mesa.Mesa","location":"app/com.example.proyectofinal_david_rodriguez_aranda.models/-mesa/-mesa.html","searchKeys":["Mesa","constructor(numMesa: Int? = null, camarero: Camarero? = null, estado: Int? = null, cPedidas: MutableList<ComidasPedidas>? = null, bPedidas: MutableList<BebidasPedidas>? = null)","com.example.proyectofinal_david_rodriguez_aranda.models.Mesa.Mesa"]},{"name":"constructor(v: View)","description":"com.example.proyectofinal_david_rodriguez_aranda.adapters.BebidasViewHolder.BebidasViewHolder","location":"app/com.example.proyectofinal_david_rodriguez_aranda.adapters/-bebidas-view-holder/-bebidas-view-holder.html","searchKeys":["BebidasViewHolder","constructor(v: View)","com.example.proyectofinal_david_rodriguez_aranda.adapters.BebidasViewHolder.BebidasViewHolder"]},{"name":"constructor(v: View)","description":"com.example.proyectofinal_david_rodriguez_aranda.adapters.ComidasViewHolder.ComidasViewHolder","location":"app/com.example.proyectofinal_david_rodriguez_aranda.adapters/-comidas-view-holder/-comidas-view-holder.html","searchKeys":["ComidasViewHolder","constructor(v: View)","com.example.proyectofinal_david_rodriguez_aranda.adapters.ComidasViewHolder.ComidasViewHolder"]},{"name":"constructor(v: View)","description":"com.example.proyectofinal_david_rodriguez_aranda.adapters.MesasViewHolder.MesasViewHolder","location":"app/com.example.proyectofinal_david_rodriguez_aranda.adapters/-mesas-view-holder/-mesas-view-holder.html","searchKeys":["MesasViewHolder","constructor(v: View)","com.example.proyectofinal_david_rodriguez_aranda.adapters.MesasViewHolder.MesasViewHolder"]},{"name":"constructor(v: View)","description":"com.example.proyectofinal_david_rodriguez_aranda.adapters.UsuariosViewHolder.UsuariosViewHolder","location":"app/com.example.proyectofinal_david_rodriguez_aranda.adapters/-usuarios-view-holder/-usuarios-view-holder.html","searchKeys":["UsuariosViewHolder","constructor(v: View)","com.example.proyectofinal_david_rodriguez_aranda.adapters.UsuariosViewHolder.UsuariosViewHolder"]},{"name":"data class Bebida(var nombre: String? = null, var precio: Double? = null) : Serializable","description":"com.example.proyectofinal_david_rodriguez_aranda.models.Bebida","location":"app/com.example.proyectofinal_david_rodriguez_aranda.models/-bebida/index.html","searchKeys":["Bebida","data class Bebida(var nombre: String? = null, var precio: Double? = null) : Serializable","com.example.proyectofinal_david_rodriguez_aranda.models.Bebida"]},{"name":"data class BebidasPedidas(var bebida: Bebida? = null, var cantidad: Int? = null) : Serializable","description":"com.example.proyectofinal_david_rodriguez_aranda.models.BebidasPedidas","location":"app/com.example.proyectofinal_david_rodriguez_aranda.models/-bebidas-pedidas/index.html","searchKeys":["BebidasPedidas","data class BebidasPedidas(var bebida: Bebida? = null, var cantidad: Int? = null) : Serializable","com.example.proyectofinal_david_rodriguez_aranda.models.BebidasPedidas"]},{"name":"data class Camarero(var email: String? = null, var nombre: String? = null, var password: String? = null, var online: Boolean? = null, var uid: String? = null) : Serializable","description":"com.example.proyectofinal_david_rodriguez_aranda.models.Camarero","location":"app/com.example.proyectofinal_david_rodriguez_aranda.models/-camarero/index.html","searchKeys":["Camarero","data class Camarero(var email: String? = null, var nombre: String? = null, var password: String? = null, var online: Boolean? = null, var uid: String? = null) : Serializable","com.example.proyectofinal_david_rodriguez_aranda.models.Camarero"]},{"name":"data class Comida(var nombre: String? = null, var precio: Double? = null) : Serializable","description":"com.example.proyectofinal_david_rodriguez_aranda.models.Comida","location":"app/com.example.proyectofinal_david_rodriguez_aranda.models/-comida/index.html","searchKeys":["Comida","data class Comida(var nombre: String? = null, var precio: Double? = null) : Serializable","com.example.proyectofinal_david_rodriguez_aranda.models.Comida"]},{"name":"data class ComidasPedidas(var comida: Comida? = null, var cantidad: Int? = null) : Serializable","description":"com.example.proyectofinal_david_rodriguez_aranda.models.ComidasPedidas","location":"app/com.example.proyectofinal_david_rodriguez_aranda.models/-comidas-pedidas/index.html","searchKeys":["ComidasPedidas","data class ComidasPedidas(var comida: Comida? = null, var cantidad: Int? = null) : Serializable","com.example.proyectofinal_david_rodriguez_aranda.models.ComidasPedidas"]},{"name":"data class Mesa(var numMesa: Int? = null, var camarero: Camarero? = null, var estado: Int? = null, var cPedidas: MutableList<ComidasPedidas>? = null, var bPedidas: MutableList<BebidasPedidas>? = null) : Serializable","description":"com.example.proyectofinal_david_rodriguez_aranda.models.Mesa","location":"app/com.example.proyectofinal_david_rodriguez_aranda.models/-mesa/index.html","searchKeys":["Mesa","data class Mesa(var numMesa: Int? = null, var camarero: Camarero? = null, var estado: Int? = null, var cPedidas: MutableList<ComidasPedidas>? = null, var bPedidas: MutableList<BebidasPedidas>? = null) : Serializable","com.example.proyectofinal_david_rodriguez_aranda.models.Mesa"]},{"name":"fun borrarTodo()","description":"com.example.proyectofinal_david_rodriguez_aranda.prefs.Prefs.borrarTodo","location":"app/com.example.proyectofinal_david_rodriguez_aranda.prefs/-prefs/borrar-todo.html","searchKeys":["borrarTodo","fun borrarTodo()","com.example.proyectofinal_david_rodriguez_aranda.prefs.Prefs.borrarTodo"]},{"name":"fun guardarEmail(email: String)","description":"com.example.proyectofinal_david_rodriguez_aranda.prefs.Prefs.guardarEmail","location":"app/com.example.proyectofinal_david_rodriguez_aranda.prefs/-prefs/guardar-email.html","searchKeys":["guardarEmail","fun guardarEmail(email: String)","com.example.proyectofinal_david_rodriguez_aranda.prefs.Prefs.guardarEmail"]},{"name":"fun leerEmail(): String?","description":"com.example.proyectofinal_david_rodriguez_aranda.prefs.Prefs.leerEmail","location":"app/com.example.proyectofinal_david_rodriguez_aranda.prefs/-prefs/leer-email.html","searchKeys":["leerEmail","fun leerEmail(): String?","com.example.proyectofinal_david_rodriguez_aranda.prefs.Prefs.leerEmail"]},{"name":"fun onAppBackgrounded()","description":"com.example.proyectofinal_david_rodriguez_aranda.Observer.onAppBackgrounded","location":"app/com.example.proyectofinal_david_rodriguez_aranda/-observer/on-app-backgrounded.html","searchKeys":["onAppBackgrounded","fun onAppBackgrounded()","com.example.proyectofinal_david_rodriguez_aranda.Observer.onAppBackgrounded"]},{"name":"fun onAppForegrounded()","description":"com.example.proyectofinal_david_rodriguez_aranda.Observer.onAppForegrounded","location":"app/com.example.proyectofinal_david_rodriguez_aranda/-observer/on-app-foregrounded.html","searchKeys":["onAppForegrounded","fun onAppForegrounded()","com.example.proyectofinal_david_rodriguez_aranda.Observer.onAppForegrounded"]},{"name":"fun render(bPedidas: BebidasPedidas, onQuitarBebida: (Bebida) -> Unit)","description":"com.example.proyectofinal_david_rodriguez_aranda.adapters.BebidasViewHolder.render","location":"app/com.example.proyectofinal_david_rodriguez_aranda.adapters/-bebidas-view-holder/render.html","searchKeys":["render","fun render(bPedidas: BebidasPedidas, onQuitarBebida: (Bebida) -> Unit)","com.example.proyectofinal_david_rodriguez_aranda.adapters.BebidasViewHolder.render"]},{"name":"fun render(c: Camarero, onUsuarioPulsado: (Camarero) -> Unit)","description":"com.example.proyectofinal_david_rodriguez_aranda.adapters.UsuariosViewHolder.render","location":"app/com.example.proyectofinal_david_rodriguez_aranda.adapters/-usuarios-view-holder/render.html","searchKeys":["render","fun render(c: Camarero, onUsuarioPulsado: (Camarero) -> Unit)","com.example.proyectofinal_david_rodriguez_aranda.adapters.UsuariosViewHolder.render"]},{"name":"fun render(cPedida: ComidasPedidas, onQuitarComida: (Comida) -> Unit)","description":"com.example.proyectofinal_david_rodriguez_aranda.adapters.ComidasViewHolder.render","location":"app/com.example.proyectofinal_david_rodriguez_aranda.adapters/-comidas-view-holder/render.html","searchKeys":["render","fun render(cPedida: ComidasPedidas, onQuitarComida: (Comida) -> Unit)","com.example.proyectofinal_david_rodriguez_aranda.adapters.ComidasViewHolder.render"]},{"name":"fun render(m: Mesa, c: Camarero, onMensajePulsado: (Mesa) -> Unit)","description":"com.example.proyectofinal_david_rodriguez_aranda.adapters.MesasViewHolder.render","location":"app/com.example.proyectofinal_david_rodriguez_aranda.adapters/-mesas-view-holder/render.html","searchKeys":["render","fun render(m: Mesa, c: Camarero, onMensajePulsado: (Mesa) -> Unit)","com.example.proyectofinal_david_rodriguez_aranda.adapters.MesasViewHolder.render"]},{"name":"lateinit var adapter: MesasAdapter","description":"com.example.proyectofinal_david_rodriguez_aranda.MenuPrincipalActivity.adapter","location":"app/com.example.proyectofinal_david_rodriguez_aranda/-menu-principal-activity/adapter.html","searchKeys":["adapter","lateinit var adapter: MesasAdapter","com.example.proyectofinal_david_rodriguez_aranda.MenuPrincipalActivity.adapter"]},{"name":"lateinit var adapter: UsuariosAdapter","description":"com.example.proyectofinal_david_rodriguez_aranda.SelectUserActivity.adapter","location":"app/com.example.proyectofinal_david_rodriguez_aranda/-select-user-activity/adapter.html","searchKeys":["adapter","lateinit var adapter: UsuariosAdapter","com.example.proyectofinal_david_rodriguez_aranda.SelectUserActivity.adapter"]},{"name":"lateinit var adapterBebidas: BebidasAdapter","description":"com.example.proyectofinal_david_rodriguez_aranda.PedidosMesaActivity.adapterBebidas","location":"app/com.example.proyectofinal_david_rodriguez_aranda/-pedidos-mesa-activity/adapter-bebidas.html","searchKeys":["adapterBebidas","lateinit var adapterBebidas: BebidasAdapter","com.example.proyectofinal_david_rodriguez_aranda.PedidosMesaActivity.adapterBebidas"]},{"name":"lateinit var adapterComidas: ComidasAdapter","description":"com.example.proyectofinal_david_rodriguez_aranda.PedidosMesaActivity.adapterComidas","location":"app/com.example.proyectofinal_david_rodriguez_aranda/-pedidos-mesa-activity/adapter-comidas.html","searchKeys":["adapterComidas","lateinit var adapterComidas: ComidasAdapter","com.example.proyectofinal_david_rodriguez_aranda.PedidosMesaActivity.adapterComidas"]},{"name":"lateinit var binding: <Error class: unknown class>","description":"com.example.proyectofinal_david_rodriguez_aranda.EstadoMesaActivity.binding","location":"app/com.example.proyectofinal_david_rodriguez_aranda/-estado-mesa-activity/binding.html","searchKeys":["binding","lateinit var binding: <Error class: unknown class>","com.example.proyectofinal_david_rodriguez_aranda.EstadoMesaActivity.binding"]},{"name":"lateinit var binding: <Error class: unknown class>","description":"com.example.proyectofinal_david_rodriguez_aranda.LoginActivity.binding","location":"app/com.example.proyectofinal_david_rodriguez_aranda/-login-activity/binding.html","searchKeys":["binding","lateinit var binding: <Error class: unknown class>","com.example.proyectofinal_david_rodriguez_aranda.LoginActivity.binding"]},{"name":"lateinit var binding: <Error class: unknown class>","description":"com.example.proyectofinal_david_rodriguez_aranda.MainActivity.binding","location":"app/com.example.proyectofinal_david_rodriguez_aranda/-main-activity/binding.html","searchKeys":["binding","lateinit var binding: <Error class: unknown class>","com.example.proyectofinal_david_rodriguez_aranda.MainActivity.binding"]},{"name":"lateinit var binding: <Error class: unknown class>","description":"com.example.proyectofinal_david_rodriguez_aranda.MenuPrincipalActivity.binding","location":"app/com.example.proyectofinal_david_rodriguez_aranda/-menu-principal-activity/binding.html","searchKeys":["binding","lateinit var binding: <Error class: unknown class>","com.example.proyectofinal_david_rodriguez_aranda.MenuPrincipalActivity.binding"]},{"name":"lateinit var binding: <Error class: unknown class>","description":"com.example.proyectofinal_david_rodriguez_aranda.PedidosMesaActivity.binding","location":"app/com.example.proyectofinal_david_rodriguez_aranda/-pedidos-mesa-activity/binding.html","searchKeys":["binding","lateinit var binding: <Error class: unknown class>","com.example.proyectofinal_david_rodriguez_aranda.PedidosMesaActivity.binding"]},{"name":"lateinit var binding: <Error class: unknown class>","description":"com.example.proyectofinal_david_rodriguez_aranda.SelectUserActivity.binding","location":"app/com.example.proyectofinal_david_rodriguez_aranda/-select-user-activity/binding.html","searchKeys":["binding","lateinit var binding: <Error class: unknown class>","com.example.proyectofinal_david_rodriguez_aranda.SelectUserActivity.binding"]},{"name":"lateinit var binding: <Error class: unknown class>","description":"com.example.proyectofinal_david_rodriguez_aranda.UserConfigActivity.binding","location":"app/com.example.proyectofinal_david_rodriguez_aranda/-user-config-activity/binding.html","searchKeys":["binding","lateinit var binding: <Error class: unknown class>","com.example.proyectofinal_david_rodriguez_aranda.UserConfigActivity.binding"]},{"name":"lateinit var camarero: Camarero","description":"com.example.proyectofinal_david_rodriguez_aranda.MenuPrincipalActivity.camarero","location":"app/com.example.proyectofinal_david_rodriguez_aranda/-menu-principal-activity/camarero.html","searchKeys":["camarero","lateinit var camarero: Camarero","com.example.proyectofinal_david_rodriguez_aranda.MenuPrincipalActivity.camarero"]},{"name":"lateinit var db: FirebaseDatabase","description":"com.example.proyectofinal_david_rodriguez_aranda.EstadoMesaActivity.db","location":"app/com.example.proyectofinal_david_rodriguez_aranda/-estado-mesa-activity/db.html","searchKeys":["db","lateinit var db: FirebaseDatabase","com.example.proyectofinal_david_rodriguez_aranda.EstadoMesaActivity.db"]},{"name":"lateinit var db: FirebaseDatabase","description":"com.example.proyectofinal_david_rodriguez_aranda.LoginActivity.db","location":"app/com.example.proyectofinal_david_rodriguez_aranda/-login-activity/db.html","searchKeys":["db","lateinit var db: FirebaseDatabase","com.example.proyectofinal_david_rodriguez_aranda.LoginActivity.db"]},{"name":"lateinit var db: FirebaseDatabase","description":"com.example.proyectofinal_david_rodriguez_aranda.MenuPrincipalActivity.db","location":"app/com.example.proyectofinal_david_rodriguez_aranda/-menu-principal-activity/db.html","searchKeys":["db","lateinit var db: FirebaseDatabase","com.example.proyectofinal_david_rodriguez_aranda.MenuPrincipalActivity.db"]},{"name":"lateinit var db: FirebaseDatabase","description":"com.example.proyectofinal_david_rodriguez_aranda.PedidosMesaActivity.db","location":"app/com.example.proyectofinal_david_rodriguez_aranda/-pedidos-mesa-activity/db.html","searchKeys":["db","lateinit var db: FirebaseDatabase","com.example.proyectofinal_david_rodriguez_aranda.PedidosMesaActivity.db"]},{"name":"lateinit var db: FirebaseDatabase","description":"com.example.proyectofinal_david_rodriguez_aranda.SelectUserActivity.db","location":"app/com.example.proyectofinal_david_rodriguez_aranda/-select-user-activity/db.html","searchKeys":["db","lateinit var db: FirebaseDatabase","com.example.proyectofinal_david_rodriguez_aranda.SelectUserActivity.db"]},{"name":"lateinit var drawerLayout: DrawerLayout","description":"com.example.proyectofinal_david_rodriguez_aranda.MenuPrincipalActivity.drawerLayout","location":"app/com.example.proyectofinal_david_rodriguez_aranda/-menu-principal-activity/drawer-layout.html","searchKeys":["drawerLayout","lateinit var drawerLayout: DrawerLayout","com.example.proyectofinal_david_rodriguez_aranda.MenuPrincipalActivity.drawerLayout"]},{"name":"lateinit var lista: ArrayList<Camarero>","description":"com.example.proyectofinal_david_rodriguez_aranda.SelectUserActivity.lista","location":"app/com.example.proyectofinal_david_rodriguez_aranda/-select-user-activity/lista.html","searchKeys":["lista","lateinit var lista: ArrayList<Camarero>","com.example.proyectofinal_david_rodriguez_aranda.SelectUserActivity.lista"]},{"name":"lateinit var lista: ArrayList<Mesa>","description":"com.example.proyectofinal_david_rodriguez_aranda.MenuPrincipalActivity.lista","location":"app/com.example.proyectofinal_david_rodriguez_aranda/-menu-principal-activity/lista.html","searchKeys":["lista","lateinit var lista: ArrayList<Mesa>","com.example.proyectofinal_david_rodriguez_aranda.MenuPrincipalActivity.lista"]},{"name":"lateinit var listaBebidas: MutableList<Bebida>","description":"com.example.proyectofinal_david_rodriguez_aranda.PedidosMesaActivity.listaBebidas","location":"app/com.example.proyectofinal_david_rodriguez_aranda/-pedidos-mesa-activity/lista-bebidas.html","searchKeys":["listaBebidas","lateinit var listaBebidas: MutableList<Bebida>","com.example.proyectofinal_david_rodriguez_aranda.PedidosMesaActivity.listaBebidas"]},{"name":"lateinit var listaBebidasPedidas: MutableList<BebidasPedidas>","description":"com.example.proyectofinal_david_rodriguez_aranda.PedidosMesaActivity.listaBebidasPedidas","location":"app/com.example.proyectofinal_david_rodriguez_aranda/-pedidos-mesa-activity/lista-bebidas-pedidas.html","searchKeys":["listaBebidasPedidas","lateinit var listaBebidasPedidas: MutableList<BebidasPedidas>","com.example.proyectofinal_david_rodriguez_aranda.PedidosMesaActivity.listaBebidasPedidas"]},{"name":"lateinit var listaComidas: MutableList<Comida>","description":"com.example.proyectofinal_david_rodriguez_aranda.PedidosMesaActivity.listaComidas","location":"app/com.example.proyectofinal_david_rodriguez_aranda/-pedidos-mesa-activity/lista-comidas.html","searchKeys":["listaComidas","lateinit var listaComidas: MutableList<Comida>","com.example.proyectofinal_david_rodriguez_aranda.PedidosMesaActivity.listaComidas"]},{"name":"lateinit var listaComidasPedidas: MutableList<ComidasPedidas>","description":"com.example.proyectofinal_david_rodriguez_aranda.PedidosMesaActivity.listaComidasPedidas","location":"app/com.example.proyectofinal_david_rodriguez_aranda/-pedidos-mesa-activity/lista-comidas-pedidas.html","searchKeys":["listaComidasPedidas","lateinit var listaComidasPedidas: MutableList<ComidasPedidas>","com.example.proyectofinal_david_rodriguez_aranda.PedidosMesaActivity.listaComidasPedidas"]},{"name":"lateinit var mesa: Mesa","description":"com.example.proyectofinal_david_rodriguez_aranda.PedidosMesaActivity.mesa","location":"app/com.example.proyectofinal_david_rodriguez_aranda/-pedidos-mesa-activity/mesa.html","searchKeys":["mesa","lateinit var mesa: Mesa","com.example.proyectofinal_david_rodriguez_aranda.PedidosMesaActivity.mesa"]},{"name":"lateinit var navView: NavigationView","description":"com.example.proyectofinal_david_rodriguez_aranda.MenuPrincipalActivity.navView","location":"app/com.example.proyectofinal_david_rodriguez_aranda/-menu-principal-activity/nav-view.html","searchKeys":["navView","lateinit var navView: NavigationView","com.example.proyectofinal_david_rodriguez_aranda.MenuPrincipalActivity.navView"]},{"name":"lateinit var prefs: Prefs","description":"com.example.proyectofinal_david_rodriguez_aranda.LoginActivity.prefs","location":"app/com.example.proyectofinal_david_rodriguez_aranda/-login-activity/prefs.html","searchKeys":["prefs","lateinit var prefs: Prefs","com.example.proyectofinal_david_rodriguez_aranda.LoginActivity.prefs"]},{"name":"lateinit var storage: FirebaseStorage","description":"com.example.proyectofinal_david_rodriguez_aranda.LoginActivity.storage","location":"app/com.example.proyectofinal_david_rodriguez_aranda/-login-activity/storage.html","searchKeys":["storage","lateinit var storage: FirebaseStorage","com.example.proyectofinal_david_rodriguez_aranda.LoginActivity.storage"]},{"name":"lateinit var storage: FirebaseStorage","description":"com.example.proyectofinal_david_rodriguez_aranda.UserConfigActivity.storage","location":"app/com.example.proyectofinal_david_rodriguez_aranda/-user-config-activity/storage.html","searchKeys":["storage","lateinit var storage: FirebaseStorage","com.example.proyectofinal_david_rodriguez_aranda.UserConfigActivity.storage"]},{"name":"lateinit var toggle: ActionBarDrawerToggle","description":"com.example.proyectofinal_david_rodriguez_aranda.MenuPrincipalActivity.toggle","location":"app/com.example.proyectofinal_david_rodriguez_aranda/-menu-principal-activity/toggle.html","searchKeys":["toggle","lateinit var toggle: ActionBarDrawerToggle","com.example.proyectofinal_david_rodriguez_aranda.MenuPrincipalActivity.toggle"]},{"name":"open override fun getDropDownView(position: Int, convertView: View?, parent: ViewGroup): View","description":"com.example.proyectofinal_david_rodriguez_aranda.CustomSpinnerAdapter.getDropDownView","location":"app/com.example.proyectofinal_david_rodriguez_aranda/-custom-spinner-adapter/get-drop-down-view.html","searchKeys":["getDropDownView","open override fun getDropDownView(position: Int, convertView: View?, parent: ViewGroup): View","com.example.proyectofinal_david_rodriguez_aranda.CustomSpinnerAdapter.getDropDownView"]},{"name":"open override fun getItemCount(): Int","description":"com.example.proyectofinal_david_rodriguez_aranda.adapters.BebidasAdapter.getItemCount","location":"app/com.example.proyectofinal_david_rodriguez_aranda.adapters/-bebidas-adapter/get-item-count.html","searchKeys":["getItemCount","open override fun getItemCount(): Int","com.example.proyectofinal_david_rodriguez_aranda.adapters.BebidasAdapter.getItemCount"]},{"name":"open override fun getItemCount(): Int","description":"com.example.proyectofinal_david_rodriguez_aranda.adapters.ComidasAdapter.getItemCount","location":"app/com.example.proyectofinal_david_rodriguez_aranda.adapters/-comidas-adapter/get-item-count.html","searchKeys":["getItemCount","open override fun getItemCount(): Int","com.example.proyectofinal_david_rodriguez_aranda.adapters.ComidasAdapter.getItemCount"]},{"name":"open override fun getItemCount(): Int","description":"com.example.proyectofinal_david_rodriguez_aranda.adapters.MesasAdapter.getItemCount","location":"app/com.example.proyectofinal_david_rodriguez_aranda.adapters/-mesas-adapter/get-item-count.html","searchKeys":["getItemCount","open override fun getItemCount(): Int","com.example.proyectofinal_david_rodriguez_aranda.adapters.MesasAdapter.getItemCount"]},{"name":"open override fun getItemCount(): Int","description":"com.example.proyectofinal_david_rodriguez_aranda.adapters.UsuariosAdapter.getItemCount","location":"app/com.example.proyectofinal_david_rodriguez_aranda.adapters/-usuarios-adapter/get-item-count.html","searchKeys":["getItemCount","open override fun getItemCount(): Int","com.example.proyectofinal_david_rodriguez_aranda.adapters.UsuariosAdapter.getItemCount"]},{"name":"open override fun getView(position: Int, convertView: View?, parent: ViewGroup): View","description":"com.example.proyectofinal_david_rodriguez_aranda.CustomSpinnerAdapter.getView","location":"app/com.example.proyectofinal_david_rodriguez_aranda/-custom-spinner-adapter/get-view.html","searchKeys":["getView","open override fun getView(position: Int, convertView: View?, parent: ViewGroup): View","com.example.proyectofinal_david_rodriguez_aranda.CustomSpinnerAdapter.getView"]},{"name":"open override fun onBackPressed()","description":"com.example.proyectofinal_david_rodriguez_aranda.MenuPrincipalActivity.onBackPressed","location":"app/com.example.proyectofinal_david_rodriguez_aranda/-menu-principal-activity/on-back-pressed.html","searchKeys":["onBackPressed","open override fun onBackPressed()","com.example.proyectofinal_david_rodriguez_aranda.MenuPrincipalActivity.onBackPressed"]},{"name":"open override fun onBindViewHolder(holder: BebidasViewHolder, position: Int)","description":"com.example.proyectofinal_david_rodriguez_aranda.adapters.BebidasAdapter.onBindViewHolder","location":"app/com.example.proyectofinal_david_rodriguez_aranda.adapters/-bebidas-adapter/on-bind-view-holder.html","searchKeys":["onBindViewHolder","open override fun onBindViewHolder(holder: BebidasViewHolder, position: Int)","com.example.proyectofinal_david_rodriguez_aranda.adapters.BebidasAdapter.onBindViewHolder"]},{"name":"open override fun onBindViewHolder(holder: ComidasViewHolder, position: Int)","description":"com.example.proyectofinal_david_rodriguez_aranda.adapters.ComidasAdapter.onBindViewHolder","location":"app/com.example.proyectofinal_david_rodriguez_aranda.adapters/-comidas-adapter/on-bind-view-holder.html","searchKeys":["onBindViewHolder","open override fun onBindViewHolder(holder: ComidasViewHolder, position: Int)","com.example.proyectofinal_david_rodriguez_aranda.adapters.ComidasAdapter.onBindViewHolder"]},{"name":"open override fun onBindViewHolder(holder: MesasViewHolder, position: Int)","description":"com.example.proyectofinal_david_rodriguez_aranda.adapters.MesasAdapter.onBindViewHolder","location":"app/com.example.proyectofinal_david_rodriguez_aranda.adapters/-mesas-adapter/on-bind-view-holder.html","searchKeys":["onBindViewHolder","open override fun onBindViewHolder(holder: MesasViewHolder, position: Int)","com.example.proyectofinal_david_rodriguez_aranda.adapters.MesasAdapter.onBindViewHolder"]},{"name":"open override fun onBindViewHolder(holder: UsuariosViewHolder, position: Int)","description":"com.example.proyectofinal_david_rodriguez_aranda.adapters.UsuariosAdapter.onBindViewHolder","location":"app/com.example.proyectofinal_david_rodriguez_aranda.adapters/-usuarios-adapter/on-bind-view-holder.html","searchKeys":["onBindViewHolder","open override fun onBindViewHolder(holder: UsuariosViewHolder, position: Int)","com.example.proyectofinal_david_rodriguez_aranda.adapters.UsuariosAdapter.onBindViewHolder"]},{"name":"open override fun onCreateViewHolder(parent: ViewGroup, viewType: Int): BebidasViewHolder","description":"com.example.proyectofinal_david_rodriguez_aranda.adapters.BebidasAdapter.onCreateViewHolder","location":"app/com.example.proyectofinal_david_rodriguez_aranda.adapters/-bebidas-adapter/on-create-view-holder.html","searchKeys":["onCreateViewHolder","open override fun onCreateViewHolder(parent: ViewGroup, viewType: Int): BebidasViewHolder","com.example.proyectofinal_david_rodriguez_aranda.adapters.BebidasAdapter.onCreateViewHolder"]},{"name":"open override fun onCreateViewHolder(parent: ViewGroup, viewType: Int): ComidasViewHolder","description":"com.example.proyectofinal_david_rodriguez_aranda.adapters.ComidasAdapter.onCreateViewHolder","location":"app/com.example.proyectofinal_david_rodriguez_aranda.adapters/-comidas-adapter/on-create-view-holder.html","searchKeys":["onCreateViewHolder","open override fun onCreateViewHolder(parent: ViewGroup, viewType: Int): ComidasViewHolder","com.example.proyectofinal_david_rodriguez_aranda.adapters.ComidasAdapter.onCreateViewHolder"]},{"name":"open override fun onCreateViewHolder(parent: ViewGroup, viewType: Int): MesasViewHolder","description":"com.example.proyectofinal_david_rodriguez_aranda.adapters.MesasAdapter.onCreateViewHolder","location":"app/com.example.proyectofinal_david_rodriguez_aranda.adapters/-mesas-adapter/on-create-view-holder.html","searchKeys":["onCreateViewHolder","open override fun onCreateViewHolder(parent: ViewGroup, viewType: Int): MesasViewHolder","com.example.proyectofinal_david_rodriguez_aranda.adapters.MesasAdapter.onCreateViewHolder"]},{"name":"open override fun onCreateViewHolder(parent: ViewGroup, viewType: Int): UsuariosViewHolder","description":"com.example.proyectofinal_david_rodriguez_aranda.adapters.UsuariosAdapter.onCreateViewHolder","location":"app/com.example.proyectofinal_david_rodriguez_aranda.adapters/-usuarios-adapter/on-create-view-holder.html","searchKeys":["onCreateViewHolder","open override fun onCreateViewHolder(parent: ViewGroup, viewType: Int): UsuariosViewHolder","com.example.proyectofinal_david_rodriguez_aranda.adapters.UsuariosAdapter.onCreateViewHolder"]},{"name":"open override fun onOptionsItemSelected(item: MenuItem): Boolean","description":"com.example.proyectofinal_david_rodriguez_aranda.MenuPrincipalActivity.onOptionsItemSelected","location":"app/com.example.proyectofinal_david_rodriguez_aranda/-menu-principal-activity/on-options-item-selected.html","searchKeys":["onOptionsItemSelected","open override fun onOptionsItemSelected(item: MenuItem): Boolean","com.example.proyectofinal_david_rodriguez_aranda.MenuPrincipalActivity.onOptionsItemSelected"]},{"name":"val binding: <Error class: unknown class>","description":"com.example.proyectofinal_david_rodriguez_aranda.adapters.BebidasViewHolder.binding","location":"app/com.example.proyectofinal_david_rodriguez_aranda.adapters/-bebidas-view-holder/binding.html","searchKeys":["binding","val binding: <Error class: unknown class>","com.example.proyectofinal_david_rodriguez_aranda.adapters.BebidasViewHolder.binding"]},{"name":"val binding: <Error class: unknown class>","description":"com.example.proyectofinal_david_rodriguez_aranda.adapters.ComidasViewHolder.binding","location":"app/com.example.proyectofinal_david_rodriguez_aranda.adapters/-comidas-view-holder/binding.html","searchKeys":["binding","val binding: <Error class: unknown class>","com.example.proyectofinal_david_rodriguez_aranda.adapters.ComidasViewHolder.binding"]},{"name":"val binding: <Error class: unknown class>","description":"com.example.proyectofinal_david_rodriguez_aranda.adapters.MesasViewHolder.binding","location":"app/com.example.proyectofinal_david_rodriguez_aranda.adapters/-mesas-view-holder/binding.html","searchKeys":["binding","val binding: <Error class: unknown class>","com.example.proyectofinal_david_rodriguez_aranda.adapters.MesasViewHolder.binding"]},{"name":"val context: Context","description":"com.example.proyectofinal_david_rodriguez_aranda.Observer.context","location":"app/com.example.proyectofinal_david_rodriguez_aranda/-observer/context.html","searchKeys":["context","val context: Context","com.example.proyectofinal_david_rodriguez_aranda.Observer.context"]},{"name":"val correo: String","description":"com.example.proyectofinal_david_rodriguez_aranda.Observer.correo","location":"app/com.example.proyectofinal_david_rodriguez_aranda/-observer/correo.html","searchKeys":["correo","val correo: String","com.example.proyectofinal_david_rodriguez_aranda.Observer.correo"]},{"name":"val store: SharedPreferences","description":"com.example.proyectofinal_david_rodriguez_aranda.prefs.Prefs.store","location":"app/com.example.proyectofinal_david_rodriguez_aranda.prefs/-prefs/store.html","searchKeys":["store","val store: SharedPreferences","com.example.proyectofinal_david_rodriguez_aranda.prefs.Prefs.store"]},{"name":"var bPedidas: MutableList<BebidasPedidas>?","description":"com.example.proyectofinal_david_rodriguez_aranda.models.Mesa.bPedidas","location":"app/com.example.proyectofinal_david_rodriguez_aranda.models/-mesa/b-pedidas.html","searchKeys":["bPedidas","var bPedidas: MutableList<BebidasPedidas>?","com.example.proyectofinal_david_rodriguez_aranda.models.Mesa.bPedidas"]},{"name":"var bebida: Bebida?","description":"com.example.proyectofinal_david_rodriguez_aranda.models.BebidasPedidas.bebida","location":"app/com.example.proyectofinal_david_rodriguez_aranda.models/-bebidas-pedidas/bebida.html","searchKeys":["bebida","var bebida: Bebida?","com.example.proyectofinal_david_rodriguez_aranda.models.BebidasPedidas.bebida"]},{"name":"var binding: <Error class: unknown class>","description":"com.example.proyectofinal_david_rodriguez_aranda.adapters.UsuariosViewHolder.binding","location":"app/com.example.proyectofinal_david_rodriguez_aranda.adapters/-usuarios-view-holder/binding.html","searchKeys":["binding","var binding: <Error class: unknown class>","com.example.proyectofinal_david_rodriguez_aranda.adapters.UsuariosViewHolder.binding"]},{"name":"var c: Camarero","description":"com.example.proyectofinal_david_rodriguez_aranda.adapters.MesasAdapter.c","location":"app/com.example.proyectofinal_david_rodriguez_aranda.adapters/-mesas-adapter/c.html","searchKeys":["c","var c: Camarero","com.example.proyectofinal_david_rodriguez_aranda.adapters.MesasAdapter.c"]},{"name":"var cPedidas: MutableList<ComidasPedidas>?","description":"com.example.proyectofinal_david_rodriguez_aranda.models.Mesa.cPedidas","location":"app/com.example.proyectofinal_david_rodriguez_aranda.models/-mesa/c-pedidas.html","searchKeys":["cPedidas","var cPedidas: MutableList<ComidasPedidas>?","com.example.proyectofinal_david_rodriguez_aranda.models.Mesa.cPedidas"]},{"name":"var camarero: Camarero?","description":"com.example.proyectofinal_david_rodriguez_aranda.EstadoMesaActivity.camarero","location":"app/com.example.proyectofinal_david_rodriguez_aranda/-estado-mesa-activity/camarero.html","searchKeys":["camarero","var camarero: Camarero?","com.example.proyectofinal_david_rodriguez_aranda.EstadoMesaActivity.camarero"]},{"name":"var camarero: Camarero?","description":"com.example.proyectofinal_david_rodriguez_aranda.LoginActivity.camarero","location":"app/com.example.proyectofinal_david_rodriguez_aranda/-login-activity/camarero.html","searchKeys":["camarero","var camarero: Camarero?","com.example.proyectofinal_david_rodriguez_aranda.LoginActivity.camarero"]},{"name":"var camarero: Camarero?","description":"com.example.proyectofinal_david_rodriguez_aranda.UserConfigActivity.camarero","location":"app/com.example.proyectofinal_david_rodriguez_aranda/-user-config-activity/camarero.html","searchKeys":["camarero","var camarero: Camarero?","com.example.proyectofinal_david_rodriguez_aranda.UserConfigActivity.camarero"]},{"name":"var camarero: Camarero?","description":"com.example.proyectofinal_david_rodriguez_aranda.models.Mesa.camarero","location":"app/com.example.proyectofinal_david_rodriguez_aranda.models/-mesa/camarero.html","searchKeys":["camarero","var camarero: Camarero?","com.example.proyectofinal_david_rodriguez_aranda.models.Mesa.camarero"]},{"name":"var cantidad: Int?","description":"com.example.proyectofinal_david_rodriguez_aranda.models.BebidasPedidas.cantidad","location":"app/com.example.proyectofinal_david_rodriguez_aranda.models/-bebidas-pedidas/cantidad.html","searchKeys":["cantidad","var cantidad: Int?","com.example.proyectofinal_david_rodriguez_aranda.models.BebidasPedidas.cantidad"]},{"name":"var cantidad: Int?","description":"com.example.proyectofinal_david_rodriguez_aranda.models.ComidasPedidas.cantidad","location":"app/com.example.proyectofinal_david_rodriguez_aranda.models/-comidas-pedidas/cantidad.html","searchKeys":["cantidad","var cantidad: Int?","com.example.proyectofinal_david_rodriguez_aranda.models.ComidasPedidas.cantidad"]},{"name":"var comida: Comida?","description":"com.example.proyectofinal_david_rodriguez_aranda.models.ComidasPedidas.comida","location":"app/com.example.proyectofinal_david_rodriguez_aranda.models/-comidas-pedidas/comida.html","searchKeys":["comida","var comida: Comida?","com.example.proyectofinal_david_rodriguez_aranda.models.ComidasPedidas.comida"]},{"name":"var db: FirebaseDatabase","description":"com.example.proyectofinal_david_rodriguez_aranda.Observer.db","location":"app/com.example.proyectofinal_david_rodriguez_aranda/-observer/db.html","searchKeys":["db","var db: FirebaseDatabase","com.example.proyectofinal_david_rodriguez_aranda.Observer.db"]},{"name":"var email: String","description":"com.example.proyectofinal_david_rodriguez_aranda.LoginActivity.email","location":"app/com.example.proyectofinal_david_rodriguez_aranda/-login-activity/email.html","searchKeys":["email","var email: String","com.example.proyectofinal_david_rodriguez_aranda.LoginActivity.email"]},{"name":"var email: String?","description":"com.example.proyectofinal_david_rodriguez_aranda.models.Camarero.email","location":"app/com.example.proyectofinal_david_rodriguez_aranda.models/-camarero/email.html","searchKeys":["email","var email: String?","com.example.proyectofinal_david_rodriguez_aranda.models.Camarero.email"]},{"name":"var estado: Int?","description":"com.example.proyectofinal_david_rodriguez_aranda.models.Mesa.estado","location":"app/com.example.proyectofinal_david_rodriguez_aranda.models/-mesa/estado.html","searchKeys":["estado","var estado: Int?","com.example.proyectofinal_david_rodriguez_aranda.models.Mesa.estado"]},{"name":"var lista: ArrayList<Camarero>","description":"com.example.proyectofinal_david_rodriguez_aranda.adapters.UsuariosAdapter.lista","location":"app/com.example.proyectofinal_david_rodriguez_aranda.adapters/-usuarios-adapter/lista.html","searchKeys":["lista","var lista: ArrayList<Camarero>","com.example.proyectofinal_david_rodriguez_aranda.adapters.UsuariosAdapter.lista"]},{"name":"var lista: ArrayList<Mesa>","description":"com.example.proyectofinal_david_rodriguez_aranda.adapters.MesasAdapter.lista","location":"app/com.example.proyectofinal_david_rodriguez_aranda.adapters/-mesas-adapter/lista.html","searchKeys":["lista","var lista: ArrayList<Mesa>","com.example.proyectofinal_david_rodriguez_aranda.adapters.MesasAdapter.lista"]},{"name":"var lista: MutableList<BebidasPedidas>","description":"com.example.proyectofinal_david_rodriguez_aranda.adapters.BebidasAdapter.lista","location":"app/com.example.proyectofinal_david_rodriguez_aranda.adapters/-bebidas-adapter/lista.html","searchKeys":["lista","var lista: MutableList<BebidasPedidas>","com.example.proyectofinal_david_rodriguez_aranda.adapters.BebidasAdapter.lista"]},{"name":"var lista: MutableList<ComidasPedidas>","description":"com.example.proyectofinal_david_rodriguez_aranda.adapters.ComidasAdapter.lista","location":"app/com.example.proyectofinal_david_rodriguez_aranda.adapters/-comidas-adapter/lista.html","searchKeys":["lista","var lista: MutableList<ComidasPedidas>","com.example.proyectofinal_david_rodriguez_aranda.adapters.ComidasAdapter.lista"]},{"name":"var mesa: Mesa?","description":"com.example.proyectofinal_david_rodriguez_aranda.EstadoMesaActivity.mesa","location":"app/com.example.proyectofinal_david_rodriguez_aranda/-estado-mesa-activity/mesa.html","searchKeys":["mesa","var mesa: Mesa?","com.example.proyectofinal_david_rodriguez_aranda.EstadoMesaActivity.mesa"]},{"name":"var nombre: String?","description":"com.example.proyectofinal_david_rodriguez_aranda.models.Bebida.nombre","location":"app/com.example.proyectofinal_david_rodriguez_aranda.models/-bebida/nombre.html","searchKeys":["nombre","var nombre: String?","com.example.proyectofinal_david_rodriguez_aranda.models.Bebida.nombre"]},{"name":"var nombre: String?","description":"com.example.proyectofinal_david_rodriguez_aranda.models.Camarero.nombre","location":"app/com.example.proyectofinal_david_rodriguez_aranda.models/-camarero/nombre.html","searchKeys":["nombre","var nombre: String?","com.example.proyectofinal_david_rodriguez_aranda.models.Camarero.nombre"]},{"name":"var nombre: String?","description":"com.example.proyectofinal_david_rodriguez_aranda.models.Comida.nombre","location":"app/com.example.proyectofinal_david_rodriguez_aranda.models/-comida/nombre.html","searchKeys":["nombre","var nombre: String?","com.example.proyectofinal_david_rodriguez_aranda.models.Comida.nombre"]},{"name":"var numMesa: Int?","description":"com.example.proyectofinal_david_rodriguez_aranda.models.Mesa.numMesa","location":"app/com.example.proyectofinal_david_rodriguez_aranda.models/-mesa/num-mesa.html","searchKeys":["numMesa","var numMesa: Int?","com.example.proyectofinal_david_rodriguez_aranda.models.Mesa.numMesa"]},{"name":"var online: Boolean?","description":"com.example.proyectofinal_david_rodriguez_aranda.models.Camarero.online","location":"app/com.example.proyectofinal_david_rodriguez_aranda.models/-camarero/online.html","searchKeys":["online","var online: Boolean?","com.example.proyectofinal_david_rodriguez_aranda.models.Camarero.online"]},{"name":"var password: String","description":"com.example.proyectofinal_david_rodriguez_aranda.LoginActivity.password","location":"app/com.example.proyectofinal_david_rodriguez_aranda/-login-activity/password.html","searchKeys":["password","var password: String","com.example.proyectofinal_david_rodriguez_aranda.LoginActivity.password"]},{"name":"var password: String?","description":"com.example.proyectofinal_david_rodriguez_aranda.models.Camarero.password","location":"app/com.example.proyectofinal_david_rodriguez_aranda.models/-camarero/password.html","searchKeys":["password","var password: String?","com.example.proyectofinal_david_rodriguez_aranda.models.Camarero.password"]},{"name":"var precio: Double?","description":"com.example.proyectofinal_david_rodriguez_aranda.models.Bebida.precio","location":"app/com.example.proyectofinal_david_rodriguez_aranda.models/-bebida/precio.html","searchKeys":["precio","var precio: Double?","com.example.proyectofinal_david_rodriguez_aranda.models.Bebida.precio"]},{"name":"var precio: Double?","description":"com.example.proyectofinal_david_rodriguez_aranda.models.Comida.precio","location":"app/com.example.proyectofinal_david_rodriguez_aranda.models/-comida/precio.html","searchKeys":["precio","var precio: Double?","com.example.proyectofinal_david_rodriguez_aranda.models.Comida.precio"]},{"name":"var resume: Boolean","description":"com.example.proyectofinal_david_rodriguez_aranda.Observer.resume","location":"app/com.example.proyectofinal_david_rodriguez_aranda/-observer/resume.html","searchKeys":["resume","var resume: Boolean","com.example.proyectofinal_david_rodriguez_aranda.Observer.resume"]},{"name":"var storage: FirebaseStorage","description":"com.example.proyectofinal_david_rodriguez_aranda.adapters.UsuariosViewHolder.storage","location":"app/com.example.proyectofinal_david_rodriguez_aranda.adapters/-usuarios-view-holder/storage.html","searchKeys":["storage","var storage: FirebaseStorage","com.example.proyectofinal_david_rodriguez_aranda.adapters.UsuariosViewHolder.storage"]},{"name":"var uid: String?","description":"com.example.proyectofinal_david_rodriguez_aranda.models.Camarero.uid","location":"app/com.example.proyectofinal_david_rodriguez_aranda.models/-camarero/uid.html","searchKeys":["uid","var uid: String?","com.example.proyectofinal_david_rodriguez_aranda.models.Camarero.uid"]}]
